"Model","RMSE","MAE","MAPE"
"ETS",4755.87706595602,3853.42767240886,5.0205362354838
"ARIMA",3781.16142441557,3235.40427608571,4.12416575146011
