"Model","RMSE","MAPE"
"ETS",572.770995889424,7.39399900692859
"Seasonal ARIMA",623.035441920244,8.11287588486932
