"Parameter","Estimate"
"ar1",0.55517716936568
"ar2",0.182099697612043
"ma1",-0.989855124091349
"sma1",0.34758934961478
"intervention",1684.5321884343
"days_month",-9.34862904636676
