"Metric","Value"
"AIC",4671.21339764867
"BIC",4697.23259155851
"RMSE",509.957010659057
"MAE",404.040276407897
