"Mean","SD","Min","Max"
6454.71803278689,751.926232014055,4519,9984
